date,PFOS_finished,PFOS_raw,PFOA_finished,PFOA_raw,GenX_finished,GenX_raw,PFHxS_finished,PFHxS_raw,PFBS_finished,PFBS_raw,PFNA_finished,PFNA_raw,PFDA_finished,PFDA_raw,Total_finished,Total_raw
2018-09-11,20.1,,12.2,,17.5,,6.95,,5.25,,2.85,,2.53,,672.24,
2018-09-12,,17.8,,9.08,,16.9,,7.55,,5.44,,2.28,,1.43,,191.16
2018-09-14,,17.7,,10.5,,15.5,,7.05,,4.98,,2.18,,1.57,,297.3
2018-09-15,,16.2,,12.1,,18.8,,6.43,,4.77,,2.53,,1.7,,247.14
2018-09-16,,13.5,,8.81,,15.2,,5.63,,4.37,,1.64,,1.44,,233.1
2018-09-17,,9.72,,5.54,,33.8,,3.71,,2.54,,0.831,,1.07,,163.9
2018-09-18,,7.83,,4.41,,18.6,,2.87,,1.96,,0,,0.683,,97.26
2018-09-19,13.4,6.45,6.43,3.35,19.8,17.6,4,2.59,2.66,1.52,1.99,0.777,2.23,0,491.46,74.71
2018-09-20,,7.03,,3.34,,18.9,,2.62,,1.69,,0.824,,0.693,,79.85
2018-09-21,,7.36,,3.2,,12.6,,3.27,,1.99,,0.999,,0.736,,83.74
2018-09-22,,7.97,,3.23,,8.44,,1.66,,1.5,,0.973,,0,,60.67
2018-09-23,,6.42,,3.23,,5.11,,2.16,,1.43,,0.996,,0,,46.88
2018-09-24,10.2,7.31,5.43,3.39,7.34,6.32,3.52,2.07,1.75,1.73,1.84,0.914,1.68,0,327.31,58.03
2018-09-25,,7.15,,3.38,,8.54,,1.97,,1.53,,1.07,,0,,67.17
2018-09-26,,7.47,,4.28,,15.9,,1.97,,1.79,,1.03,,0,,140.34
2018-09-27,,7.59,,3.95,,17.5,,2.36,,1.75,,0.926,,0,,113.62
2018-09-28,,10.4,,6.12,,27.7,,3.96,,2.43,,0.744,,0,,148.07
2018-09-29,,10.6,,6.13,,25.1,,4.29,,2.74,,1.02,,0,,144.44
2018-09-30,,14.6,,6.14,,12.4,,4.81,,2.64,,1.4,,0.966,,116.26
2018-10-01,15.8,16,8.51,7.05,16.9,10.3,5.26,4.34,2.93,2.82,2,1.68,1.37,1.15,475.86,117.46
2018-10-02,,14.2,,7.17,,9.79,,4.25,,2.85,,1.39,,1.08,,121.85
2018-10-03,,14.9,,6.96,,11.7,,3.89,,2.89,,1.55,,1.37,,129.01
2018-10-04,,14.7,,8.17,,10.4,,4.25,,3.31,,1.76,,1.46,,137.04
2018-10-05,,14.8,,7.43,,11,,3.75,,2.6,,1.81,,1.33,,141.83
2018-10-06,,16,,9.59,,10.6,,3.9,,3.34,,1.83,,1.59,,155.18
2018-10-07,,16.8,,9.89,,10.2,,4.52,,3.54,,2.06,,1.63,,156.79
2018-10-08,17,17.2,10.8,8.97,11.2,11,5.54,3.88,3.63,3.77,2.51,2.13,2.22,1.57,442.19,144.34
2018-10-09,,19.1,,10.3,,10.2,,4.35,,3.67,,1.86,,1.67,,152.73
2018-10-10,,18.2,,11.6,,9.94,,4.64,,4.02,,2.15,,1.68,,147.25
2018-10-11,,16.8,,10.9,,9.58,,5,,3.72,,2.14,,1.8,,146.96
2018-10-12,,18,,10.4,,10.8,,4.67,,3.73,,2.27,,1.92,,155.1
2018-10-15,20.9,,14.3,,19.4,,6.44,,4.85,,3.34,,2.71,,515.53,
2018-10-23,19.3,,11.6,,8.39,,5.51,,3.93,,2.8,,1.94,,330.93,
2018-10-31,18.8,,13.7,,8.7,,6.13,,4.7,,2.73,,2.24,,299.16,
2018-11-05,15.4,,11.4,,9.68,,5.12,,3.8,,2.39,,2.06,,259.98,
2018-11-13,12.8,,7.81,,9.3,,3.92,,3.01,,1.75,,1.49,,303.05,
2018-11-19,7.7,,4.56,,5.46,,2.23,,1.75,,1.25,,1.03,,179.79,
2018-11-20,,5.45,,3.14,,3.96,,2.05,,1.64,,0.89,,0,,39.95
2018-11-21,6.64,,3.56,,3.57,,1.85,,1.35,,1.12,,0.738,,139.32,
2018-11-27,,12.6,,7.5,,12,,3.75,,3,,1.13,,0.711,,97.3
2018-11-28,8.22,,5.18,,8.24,,3,,1.98,,1.13,,0.799,,162.84,
2018-12-03,,12.8,,7.36,,6.93,,3.01,,2.81,,1.16,,0.854,,85.85
2018-12-04,7.24,,4.94,,4.44,,2.23,,1.67,,0.858,,0,,121.99,
2018-12-10,,9.44,,6.41,,16,,3.19,,2.54,,1.41,,0.807,,122.92
2018-12-11,6.4,,4.54,,8.71,,1.99,,1.7,,1.22,,0.657,,155.16,
2018-12-17,,6.67,,4.01,,25.6,,2.81,,1.73,,0.749,,0,,95.77
2018-12-18,4.57,,2.69,,9.53,,1.75,,1.07,,0.617,,0,,99.4,
2018-12-24,,11.7,,5.73,,5.46,,3.85,,2.29,,0.91,,0,,55.04
2018-12-26,3.96,,2.08,,2.82,,1.35,,0.717,,0,,0,,92.32,
2018-12-31,,13,,7.09,,12.8,,3.45,,2.65,,1.09,,0.736,,83.19
2019-01-02,6.47,,3.37,,4.08,,0,,0,,0,,0,,124.43,
2019-01-07,,12.6,,7.05,,6.92,,3.73,,2.55,,0.826,,0,,80.75
2019-01-08,7.98,,4.61,,3.98,,1.77,,1.31,,0.962,,0,,129.16,
2019-01-14,,11.8,,6.78,,6.83,,3.71,,2.64,,1.23,,0,,82.53
2019-01-15,6.23,,4.72,,4.58,,1.99,,1.52,,0.837,,0.638,,126.64,
2019-01-21,,8.92,,6.68,,9.69,,2.73,,2.16,,0.952,,0.593,,92.05
2019-01-22,5.67,,3.38,,6.02,,1.88,,1.28,,0.813,,0,,108.34,
2019-01-28,,10.4,,6.74,,4.31,,3.7,,2.51,,0.953,,0,,78.43
2019-01-29,4.31,,3.18,,3.54,,1.51,,1.12,,0.697,,0,,105.32,
2019-02-04,,11.1,,6.06,,11.8,,3.18,,2.28,,0.972,,0,,100.73
2019-02-05,6.95,,4.03,,7.2,,1.93,,1.41,,0.759,,0,,120,
2019-02-11,,12.6,,6.32,,19,,4.28,,2.63,,0.735,,0,,109
2019-02-12,7.5,,4.3,,11.5,,2.72,,1.56,,0,,0,,143.22,
2019-02-18,,9.24,,4.58,,11.9,,4.25,,2.26,,0,,0,,90.49
2019-02-19,5.85,,3.91,,10.6,,2.52,,1.72,,0,,0,,147.33,
2019-02-25,,9.54,,4.41,,4.08,,2.1,,1.6,,0.809,,0,,40.99
2019-02-26,5.34,,3.99,,3.49,,1.61,,1.25,,0.782,,0.698,,113.9,
2019-03-04,,7.93,,4.68,,8.59,,2.26,,1.58,,0.723,,0,,58.45
2019-03-05,5.14,,2.93,,5.28,,1.79,,1.08,,0,,0,,109.73,
2019-03-11,,8.69,,4.64,,6.75,,2.5,,1.61,,0.629,,0,,63.29
2019-03-12,2.61,,1.92,,5.5,,0.775,,0.853,,0,,0,,44.76,
2019-03-18,,13.6,,6.86,,7.12,,3.51,,2.3,,0.99,,0.747,,75.86
2019-03-19,3.43,,3.04,,5.25,,1.13,,1.11,,0,,0,,50.48,
2019-03-25,,10.5,,5.4,,3.14,,3.03,,2.03,,0.89,,0,,52.52
2019-03-26,1.67,,1.78,,3.35,,0.73,,0.72,,0,,0,,35.5,
2019-04-01,,11.1,,6.32,,7.9,,2.98,,1.95,,0.86,,0.673,,77.7
2019-04-02,1.18,,1.67,,3.81,,0,,0.62,,0,,0,,34.82,
2019-04-08,,12.2,,5.82,,18.7,,4.26,,2.55,,0.93,,0,,122.71
2019-04-09,1.87,,1.95,,9.18,,0.817,,1.04,,0,,0,,60.48,
2019-04-15,,8.55,,3.69,,8.39,,2.5,,2.05,,0.83,,0,,60.89
2019-04-16,0.708,,1.09,,2.87,,0,,0.766,,0,,0,,34.4,
2019-04-22,,9.38,,4.63,,18,,2.69,,1.96,,0.73,,0,,95.69
2019-04-23,1.06,,1.24,,7.22,,0,,0.81,,0,,0,,50.6,
2019-04-29,,16.6,,8.79,,8.64,,4.15,,2.77,,1.42,,0.718,,108.78
2019-04-30,1.26,,1.41,,3.27,,0,,0.62,,0,,0,,33.56,
2019-05-06,,15.1,,7.87,,6.79,,3.3,,2.77,,1.17,,0.73,,90.46
2019-05-07,1.18,,1.66,,3.67,,0,,0.91,,0,,0,,41.15,
2019-05-13,,18.2,,8.24,,12,,4.13,,3.05,,1.17,,0.932,,123.2
2019-05-14,1.09,,1.6,,4.88,,0,,0.92,,0,,0,,51.19,
2019-05-20,,14,,7.03,,19.6,,4.7,,2.64,,1.24,,0,,146.58
2019-05-21,0.852,,1.15,,7.24,,0.641,,0.81,,0,,0,,64.06,
2019-05-27,,13.8,,6.97,,23.6,,4.46,,3.15,,0.95,,0.75,,160.3
2019-05-28,0.874,,1.29,,9.32,,0.626,,1.04,,0,,0,,86.94,
2019-06-03,,17.4,,7.97,,31.9,,5.83,,3.75,,1.29,,0.775,,262.47
2019-06-04,0.94,,1.26,,13.6,,0.628,,1.15,,0,,0,,118.84,
2019-06-10,,18.4,,8.27,,36.9,,6.25,,3.72,,1.02,,0.89,,281.19
2019-06-11,1.08,,1.26,,15.6,,0.592,,1.22,,0,,0,,130.71,
2019-06-17,,14,,6.51,,9.66,,4.52,,3.44,,1.07,,0.783,,107.88
2019-06-18,1.28,,1.48,,7.73,,0.815,,1.41,,0,,0,,82.41,
2019-06-24,,14.4,,8.61,,9.67,,3.58,,2.41,,1.42,,1.25,,140.68
2019-06-25,0.908,,2.25,,8.03,,0.903,,1.37,,0,,0,,111.14,
2019-07-01,,1.56,,3.36,,54.8,,2.08,,10.3,,0,,0,,311.88
2019-07-02,1.28,,2.39,,8.61,,1.07,,1.84,,0,,0,,116.65,
2019-07-08,,19.6,,9.63,,28.6,,5.73,,4.45,,1.48,,1.29,,247.6
2019-07-09,1.28,,2.59,,14.9,,1.13,,2.19,,0,,0,,160.93,
2019-07-15,,21.4,,8.59,,24.8,,9.39,,5.53,,1.37,,1.01,,212.15
2019-07-16,1.21,,2.22,,16.4,,1.3,,2.56,,0,,0,,167.11,
2019-07-29,,19.7,,7.2,,24.8,,8.54,,5.43,,1.28,,0.968,,213.14
2019-07-30,2.36,,2.6,,19.5,,2.18,,3.07,,0,,0,,180.78,
2019-08-12,,15.7,,6.62,,15.7,,7.05,,4.84,,1.13,,0.967,,160.61
2019-08-13,1.64,,2.51,,13.9,,1.9,,3.1,,0,,0,,156.09,
2019-08-26,,18.4,,9.95,,28.3,,6.24,,5.54,,1.74,,1.42,,268.86
2019-08-27,2.05,,3.29,,18.2,,1.81,,3.82,,0,,0,,224.38,
2019-09-04,,14.5,,8.44,,11.3,,4.8,,4.31,,1.54,,0.969,,171.49
2019-09-05,,15.5,,8.42,,11.6,,5.72,,4.7,,1.6,,1.04,,186.76
2019-09-06,,15.4,,7.7,,11.1,,4.22,,4.22,,1.53,,1.07,,178.16
2019-09-09,,15.5,,8.3,,76,,4.75,,5,,1.45,,0.943,,376.85
2019-09-10,1.93,,3.44,,25.2,,1.84,,3.6,,0,,0,,244.4,
2019-09-23,,11.4,,5.19,,28.4,,5.03,,3.39,,0.71,,0,,203.39
2019-09-24,2.52,,2.88,,20.6,,2.24,,2.87,,0,,0,,195.89,
2019-10-01,,16,,7.58,,39.4,,6.73,,5.6,,1.29,,1.01,,289.65
2019-10-02,3.69,,4.18,,28.4,,2.57,,4.1,,0,,0,,269.05,
2019-10-07,,15.2,,9.63,,38.8,,7.71,,6.7,,1.4,,0.82,,342.63
2019-10-08,3.78,,5.11,,34.2,,2.9,,6.5,,0,,0,,330.07,
2019-10-21,,14.9,,10.2,,41.7,,7.41,,6.6,,1.67,,1.05,,377.01
2019-10-22,3.68,,5.92,,36.3,,3.45,,5.7,,0.65,,0,,344.6,
2019-11-04,,17.1,,9.84,,24.8,,9.18,,6.5,,1.41,,0.961,,258.14
2019-11-05,2.5,,3.68,,12.6,,2.47,,3.27,,0,,0,,153.48,
2019-11-18,,12.9,,7.96,,35,,5.97,,6,,1.61,,0.737,,248.02
2019-11-19,2.08,,2.55,,12.3,,1.59,,2.46,,0,,0,,130.97,
2019-12-02,,11,,5.08,,22.5,,5.51,,4.24,,0.78,,0,,154.43
2019-12-03,2.24,,2.09,,11.3,,1.88,,1.93,,0,,0,,107.71,
2019-12-16,,13,,7.92,,19.9,,4.26,,6.06,,1.07,,0.866,,200.76
2019-12-17,2.41,,3.04,,11.7,,1.68,,2.55,,0,,0,,109.57,
2019-12-30,,10.1,,6.6,,8.04,,3.78,,4,,1.03,,0,,108.1
2019-12-31,2.5,,2.71,,6.4,,1.56,,2.21,,0,,0,,85.07,
2020-01-13,,11.3,,8.92,,6.36,,4.14,,5.01,,0.97,,0,,99.11
2020-01-14,2.46,,3.15,,6.01,,1.53,,2.24,,0,,0,,74.95,
2020-01-27,,13.1,,7.22,,12.7,,4.02,,3.76,,0.97,,0,,123.91
2020-01-28,4.42,,3.94,,9.77,,2.05,,2.69,,0,,0,,108.03,
2020-02-10,,8.18,,4.37,,4.47,,2.93,,2.4,,0.71,,0,,61.24
2020-02-11,3.37,,3.17,,4.73,,1.6,,1.78,,0,,0,,69.29,
2020-02-24,,8.93,,5.4,,4.61,,3.11,,2.61,,0.75,,0,,64.4
2020-02-25,3.12,,3.56,,4.35,,1.33,,2.03,,0,,0,,69.93,
2020-03-09,,9.48,,5.64,,13,,3.61,,2.93,,0.9,,0,,99.64
2020-03-10,3.04,,3.26,,8.35,,1.8,,1.88,,0,,0,,79.32,
2020-04-06,,15.2,,8.68,,11.3,,4.27,,4.3,,1.42,,0,,126.07
2020-04-07,1.23,,1.7,,5.04,,0,,1.15,,0,,0,,50.37,
2020-05-04,,12.4,,7.92,,9.42,,5.38,,4.42,,0.82,,0,,117.58
2020-05-05,1.06,,1.53,,4.84,,0.639,,1.13,,0,,0,,48.56,
2020-06-01,,11.3,,4.63,,4.19,,3.51,,2.38,,1.02,,0,,51.87
2020-06-02,1.22,,1.32,,3.67,,0.68,,1.08,,0,,0,,41.5,
2020-07-06,,14.8,,7.9,,17.8,,4.83,,3.95,,0.93,,0.65,,150.15
2020-07-07,1.41,,2.34,,11.3,,0.971,,2.23,,0,,0,,93.85,
2020-07-22,,16.4,,6.83,,23.5,,5.02,,4.18,,1.12,,0.73,,158.32
2020-07-23,,17.9,,6.51,,23.9,,5.41,,4.41,,1.34,,0.748,,159.18
2020-07-24,,13.2,,6.41,,24.9,,5.05,,4.14,,1.31,,0.609,,177.2
2020-07-25,,13.8,,6.32,,22.5,,4.43,,4.03,,0.98,,0.691,,165.82
2020-08-02,,13,,6.09,,16.4,,4.46,,4.09,,0.83,,0,,127.48
2020-08-03,,12.1,,6.59,,15.2,,4.59,,4.52,,0.95,,0,,119.76
2020-08-04,,14.7,,7.7,,13.5,,4.67,,5.12,,1.22,,0.79,,120.64
2020-08-05,1.37,12.6,2.12,7.01,12.1,13.3,1.14,4.65,3.03,4.42,0,1.28,0,0.817,115.43,113.47
2020-08-17,,12.3,,7.03,,10.1,,4.16,,5.01,,1.04,,0.78,,98.19
2020-08-18,1.65,,2.98,,9.03,,1.47,,3.66,,0,,0,,101.75,
2020-08-31,,8.8,,5.4,,10.3,,3.97,,4.01,,1.09,,0,,101.25
2020-09-01,1.98,,3.1,,9.7,,1.51,,3.58,,0,,0,,104.03,
2020-09-14,,12.6,,5.93,,13.6,,4.14,,4.4,,1.22,,0.76,,206.6
2020-09-15,2.11,,2.86,,12.8,,1.53,,3.47,,0,,0,,169.73,
2020-09-28,,13.4,,7.32,,13,,4.16,,4.77,,1.08,,0.73,,226.33
2020-09-29,2.14,,2.88,,9.26,,1.49,,3.34,,0,,0,,171.26,
2020-10-05,,9.74,,4.61,,4.45,,3.28,,3.02,,0.74,,0,,102.54
2020-10-06,2.16,,2.95,,5.6,,1.59,,2.85,,0,,0,,115.76,
2020-10-12,,13.9,,6.21,,8.96,,3.96,,3.9,,0.97,,0,,152.54
2020-10-13,2.64,,3.2,,8.18,,1.79,,3.18,,0,,0,,156.32,
2020-10-19,,11.6,,6.48,,7.49,,4.15,,4.66,,1.16,,0,,150.05
2020-10-20,4.57,,6.09,,10.8,,3.28,,4.96,,0,,0,,224.66,
2020-10-26,,11.5,,6.5,,7.16,,3.6,,3.84,,1.03,,0,,126.92
2020-10-27,1.42,,2.09,,3.94,,1.13,,1.75,,0,,0,,76.19,
2020-11-02,,0,,0,,21.6,,0,,7.84,,0,,1.02,,153.03
2020-11-09,,13.3,,8.19,,7,,4.83,,4.96,,1.18,,0.72,,154.39
2020-11-10,1.71,,2.69,,4.44,,1.49,,2.31,,0,,0,,83.7,
2020-11-16,,8.1,,4.59,,6.43,,2.51,,2.49,,0.96,,0,,86.12
2020-11-23,,14.2,,7.19,,5.97,,3.67,,3.69,,1.09,,0,,102.99
2020-11-24,2.31,,2.78,,4.13,,1.4,,1.99,,0,,0,,70.64,
2020-11-30,,19.9,,9.17,,10.6,,4.34,,4.34,,1.33,,0.81,,201.7
2020-12-07,,10.6,,6.52,,6.28,,3.55,,3.94,,1.05,,0,,107.72
2020-12-08,2.94,,2.56,,4.5,,1.21,,1.73,,0,,0,,75.48,
2020-12-14,,13.1,,7.9,,7.38,,4.07,,4.24,,1.05,,0,,133.65
2020-12-21,,9.35,,4.53,,3.66,,3.17,,2.65,,0.84,,0,,70.24
2020-12-22,3.22,,2.85,,3.5,,1.45,,1.74,,0,,0,,66.2,
2020-12-29,,9.45,,5.14,,3.61,,2.62,,2.28,,0.78,,0,,59.18
2021-01-04,,12.3,,6.96,,5.65,,3.26,,3.64,,1.13,,0.716,,80.55
2021-01-05,3.72,,3.21,,4.03,,1.12,,1.93,,0,,0,,56.5,
2021-01-11,,10.9,,6.74,,6.1,,3.18,,2.56,,0.95,,0,,71.57
2021-01-18,,9.45,,4.47,,9.25,,3.15,,2.4,,0.68,,0,,121.89
2021-01-19,3.24,,2.53,,6.97,,1.74,,1.6,,0,,0,,87.88,
2021-01-25,,8.98,,4.67,,10.4,,3.53,,2.96,,0.65,,0,,137.37
2021-02-01,,8.03,,4.95,,4.45,,2.38,,2.39,,0.69,,0,,73.71
2021-02-02,2.98,,2.77,,4.7,,1.39,,1.57,,0,,0,,66.54,
2021-02-08,,11.4,,6.58,,5.55,,4.02,,3.83,,0.92,,0,,93.36
2021-02-15,,7.05,,3.97,,5.78,,2.6,,2.54,,0.61,,0,,72.01
2021-02-16,3.61,,2.52,,6.24,,1.41,,1.63,,0,,0,,60.24,
2021-02-22,,4.72,,2.4,,7.58,,1.56,,1.26,,0,,0,,56.3
2021-03-01,,11.2,,5.37,,6.96,,3.53,,2.73,,0.87,,0,,90.85
2021-03-02,1.74,,1.19,,2.58,,0,,0.62,,0,,0,,30.72,
2021-03-08,,12.6,,6.3,,56.3,,3.35,,2.95,,0.89,,0,,130.87
2021-03-15,,8.96,,5.8,,10.8,,3.16,,3.08,,0.76,,0,,131.27
2021-03-16,1.05,,1.31,,3.23,,0,,0.75,,0,,0,,36.94,
2021-03-22,,9.12,,4.15,,7.98,,2.78,,2.31,,0.69,,0,,93.71
2021-03-29,,11.5,,7.34,,8.69,,3.96,,3.56,,0.908,,0,,113.55
2021-03-30,1.35,,1.49,,3.89,,0.66,,1.01,,0,,0,,46.44,
2021-04-05,,11.4,,6.27,,2.87,,3.24,,3.05,,0.912,,0,,59.26
2021-04-12,,9.24,,4.14,,10.1,,3,,2.3,,0.67,,0,,125.8
2021-04-13,1.1,,0.89,,4.31,,0,,0.71,,0,,0,,50.44,
2021-04-19,,12.1,,5.86,,8.79,,3.72,,3.15,,0.878,,0,,98.44
2021-04-26,,12.7,,5.86,,12.6,,4.05,,3.45,,0.79,,0,,186.76
2021-04-27,1.05,,1.2,,5.12,,0,,0.97,,0,,0,,74.76,
2021-04-29,1.25,12.5,1.42,5.87,6.38,15.6,0.678,4.12,1.11,3.66,0,0.8,0,0,85.98,197.96
2021-05-03,,14.2,,6.36,,21.3,,5.84,,4.26,,0.829,,0,,226.1
2021-05-10,,13.2,,6.39,,16,,5.18,,4.43,,0.87,,0,,224.65
2021-05-11,1.34,,1.48,,7.11,,0.78,,1.41,,0,,0,,109.31,
2021-05-17,,14.9,,7.44,,11.2,,5.38,,5.01,,0.99,,0,,171.6
2021-05-24,,12.9,,7.4,,11.2,,5.27,,4.95,,0.99,,0,,167.36
2021-05-25,2.47,,2.28,,6.81,,1.01,,2.01,,0,,0,,102.67,
2021-06-01,,14.2,,6.83,,17.2,,5.61,,5.12,,0.92,,0,,208.57
2021-06-07,,15.3,,7.27,,17,,6.24,,5.41,,0.983,,0,,213.02
2021-06-08,1.08,,1.37,,11.2,,0.8,,1.75,,0,,0,,120.55,
2021-06-14,,16,,8.09,,13.9,,5.94,,5.69,,1.14,,0,,157.69
2021-06-21,,11.6,,5.51,,7.36,,3.48,,3.46,,0.841,,0,,98.87
2021-06-22,0.986,,1.57,,6.22,,0.8,,2,,0,,0,,91.14,
2021-06-28,,19.8,,9.45,,14.9,,6.97,,6.94,,1.2,,0.88,,177.11
2021-07-06,,8.67,,5.23,,7.86,,3.8,,3.98,,0.72,,0.41,,179.42
2021-07-07,0.638,,1.39,,6.22,,0.71,,1.84,,0.12,,0,,110.73,
2021-07-12,,9.52,,5.13,,6.87,,4.58,,4.74,,0.773,,0.38,,127.42
2021-07-19,,10.3,,5.96,,3.64,,3.77,,6.28,,0.91,,0.42,,109.07
2021-07-20,1.38,,2.5,,4.02,,1.535,,4.14,,0.38,,0.28,,103.4,
2021-08-02,,13.8,,5.45,,5.73,,4.94,,5.93,,0.928,,0.54,,247.38
2021-08-03,1.27,,2.03,,6.66,,1.39,,3.24,,0.14,,0,,145.78,
2021-08-09,,5.93,,4,,8.8,,2.76,,3.12,,0.66,,0.36,,190.82
2021-08-16,,8.45,,3.92,,11,,3.36,,0,,0.55,,0,,149.07
2021-08-17,1.28,,2.04,,9.42,,1.2,,2.45,,0,,0,,135.42,
2021-08-23,,10.1,,5.74,,10,,5.93,,0,,0.788,,0.473,,247.52
2021-08-30,,10.4,,6.09,,5.05,,4.28,,5.91,,0.918,,0.76,,219.32
2021-08-31,1.23,,2.87,,7.6,,1.39,,4.01,,0.172,,0.098,,176.13,
2021-09-07,,13.3,,6.16,,5.69,,4.59,,0,,0.94,,0.879,,150.26
2021-09-13,,14,,7.51,,12.4,,5.24,,9.04,,0.959,,0.614,,274.17
2021-09-14,2.22,,3.62,,9.69,,1.7,,4.51,,0.254,,0,,190.46,
2021-09-20,,12.3,,6.72,,20.7,,5.71,,5.59,,1.01,,0.621,,286.53
2021-09-27,,14.6,,7.46,,5.69,,9.23,,8.21,,0.922,,0.662,,138.91
2021-09-28,2.08,,3.2,,7.8,,1.89,,4.9,,0.296,,0.176,,133.79,
2021-10-04,,6.53,,2.94,,4.4,,1.89,,1.72,,0.642,,0.387,,146.6
2021-10-11,,7.22,,3.43,,9.8,,2.56,,2.65,,0.68,,0.345,,177.62
2021-10-12,1.95,8.1,2.75,3.75,13.7,12,1.6,3.17,2.85,2.24,0.301,0.647,0,0.322,169.86,196.62
2021-10-13,2.07,,2.91,,12.4,,1.73,,2.69,,0.312,,0,,173.86,
2021-10-18,,11.8,,6.49,,4.9,,3.36,,3.08,,1.16,,0.742,,103.13
2021-10-19,2.42,9.92,3.91,4.8,5.4,4,1.54,3.21,2.85,2.6,0.4,0.92,0.128,0.584,93.2,100.93
2021-10-20,2.37,,3.41,,4.8,,1.54,,3.23,,0.401,,0.121,,107.74,
2021-10-25,,6.9,,3.57,,5.8,,2.75,,2.55,,0.717,,0.466,,110.04
2021-10-26,2.32,,2.65,,6.45,,1.4,,2.92,,0.388,,0.103,,123.98,
2021-11-01,,7.82,,5.06,,12.6,,3.82,,5.05,,0.744,,0.452,,252.61
2021-11-08,,9.51,,5.7,,17.5,,5,,6.12,,0.671,,0.267,,260.42
2021-11-09,3.27,,3.64,,16.1,,2.53,,5.22,,0.378,,0.159,,180.92,
2021-11-15,,11.5,,6.79,,11.9,,7.13,,7.61,,0.749,,0.279,,288.03
2021-11-22,,10.2,,6.35,,10.6,,5.57,,7.27,,0.701,,0.314,,231.93
2021-11-23,4.06,,4.58,,13.5,,3.18,,5.98,,0.422,,0.163,,217.8,
2021-11-29,,9.36,,7.29,,11.8,,4.82,,9.07,,0.929,,0.463,,272.05
2021-12-06,,15.7,,11.2,,12.9,,8.28,,10.4,,1.23,,0.889,,295.22
2021-12-07,5.31,,7.35,,14.8,,4.09,,8.71,,0.719,,0.298,,306.28,
2021-12-13,,12.2,,10.8,,18.9,,5.56,,7.12,,1.69,,0.581,,381.33
2021-12-20,,8.49,,6.01,,8.56,,4.97,,6.41,,0.742,,0.506,,265.85
2021-12-21,1.69,,1.82,,3.1,,1.43,,2.51,,0.221,,0,,88.33,
2021-12-28,,8.9,,5.92,,13.3,,4.69,,6.39,,0.749,,0.558,,307.64
2022-01-03,,12.7,,6.49,,8.89,,6.6,,7.34,,0.914,,0.63,,232.63
2022-01-04,2.83,,2.97,,4.75,,2.45,,3.26,,0.348,,0.145,,108.43,
2022-01-10,,7.14,,3.87,,3.32,,2.77,,3.21,,0.677,,0.389,,111.64
2022-01-18,,7.53,,5.32,,2.4,,0,,2.27,,0.467,,0.591,,52.64
2022-01-19,1.78,,2.37,,2.31,,0,,0,,0,,0,,28.35,
2022-01-24,,5.83,,3.41,,2.87,,2.87,,3.14,,0.621,,0.369,,110.46
2022-01-31,,8.46,,5.44,,3.94,,2.53,,4.84,,0.574,,0.229,,128.77
2022-02-01,3.12,,3,,2.92,,1.23,,2.17,,0.294,,0.138,,76.94,
2022-02-07,,7.05,,4.91,,4.83,,2.47,,3.71,,0.63,,0.321,,143.23
2022-02-21,,7.37,,4.21,,5.64,,3.59,,4.48,,0.531,,0.346,,168.06
2022-02-28,,11.55,,5.56,,4.33,,5.13,,5.51,,0.715,,0.359,,181
2022-03-01,2.62,,2.68,,4.68,,1.77,,3.58,,0.289,,0,,92.52,
2022-03-07,,13.3,,7.81,,2.81,,5,,6.56,,0.878,,0.439,,144.27
2022-03-14,,10.3,,5.55,,1.63,,4.77,,4.58,,0.637,,0.384,,89.11
2022-03-15,2.74,,2.73,,3.07,,1.74,,2.7,,0.258,,0.107,,69.56,
2022-03-21,,5.62,,2.93,,1.04,,1.61,,1.55,,0.57,,0.285,,37.33
2022-03-28,,9.06,,5.28,,1.52,,3.02,,2.74,,0.732,,0.379,,66.39
2022-03-29,2.71,,2.83,,2.32,,1.66,,2.1,,0.32,,0.113,,63.93,
2022-04-04,,10.9,,6.32,,1.75,,3.48,,3.41,,0.741,,0.454,,89.61
2022-04-11,,9.84,,4.61,,2.15,,4.7,,3.51,,0.708,,0.378,,107.81
2022-04-12,3.57,,3.07,,2.58,,1.97,,2.88,,0.359,,0.148,,84,
2022-04-18,,6.14,,3.39,,3.54,,2.75,,2.52,,0.554,,0.274,,102.99
2022-04-25,,10.1,,6.97,,2.27,,3.62,,4.5,,0.921,,0.499,,102.11
2022-04-26,3.2,,3.55,,2.34,,1.7,,2.64,,0.386,,0.211,,73,
2022-05-02,,10.3,,5.74,,4.66,,3.68,,4.29,,0.853,,0.502,,147
2022-05-09,,10.6,,5.04,,6.02,,3.96,,3.46,,0.777,,0.339,,143.64
2022-05-10,0.716,,0.8,,1.8,,0.43,,0.71,,0.098,,0,,34,
2022-05-16,,10.5,,5.23,,4.84,,5.02,,4.17,,0.717,,0.382,,110
2022-05-23,,10.8,,5.66,,5.77,,4.83,,4.16,,0.828,,0.399,,132
2022-05-24,0.736,,0.67,,2.21,,0.52,,1.05,,0.09,,0,,35,
2022-05-31,,18.1,,8.86,,1.72,,5.95,,8.91,,1.15,,0.511,,111
2022-06-06,,14,,6.65,,1.31,,4.67,,5.22,,0.942,,0.444,,85
2022-06-07,0.901,,1.22,,1.29,,0.72,,1.23,,0.133,,0,,35,
2022-06-13,,14.1,,6.47,,4.01,,4.68,,5.24,,0.986,,0.599,,111
2022-06-20,,15.7,,6.34,,14.2,,5.14,,5.29,,1.03,,0,,165
2022-06-21,1.2,,1.6,,7.39,,0.89,,2.33,,0,,0,,89,
2022-06-28,,12.1,,5.16,,8.6,,5.57,,5.14,,0.894,,0,,173
2022-07-05,,15.2,,5.83,,9.72,,6.93,,4.11,,0.97,,0,,171
2022-07-06,1.61,,2.06,,7.17,,1.31,,2.48,,0,,0,,126,
2022-07-11,,11.4,,6.93,,9.96,,4.39,,6.11,,0.993,,0.783,,187
2022-07-18,,12.5,,5.78,,7.29,,7.63,,4.58,,0.77,,0,,130
2022-07-19,1.3,,2.11,,4.98,,1.56,,2.27,,0,,0,,92,
2022-07-25,,10.2,,5.75,,6.57,,4.33,,4.34,,0,,0,,128
2022-08-01,,9.53,,4.97,,9.52,,4.47,,4.77,,0.782,,0.839,,134
2022-08-02,1.38,,2.33,,11.1,,1.48,,3.31,,0,,0,,140,
2022-08-08,,15.7,,7.12,,9.58,,6.4,,7.02,,1.14,,0.89,,156
2022-08-15,,13.1,,6.18,,5.11,,5.78,,7,,1.02,,0.725,,131
2022-08-16,2.56,,3.13,,5.21,,2.33,,4.49,,0,,0,,103,
2022-08-22,,16.1,,8.72,,9.85,,7.38,,7.57,,1.28,,0.728,,208
2022-08-29,,15.1,,6.63,,7.55,,8.76,,7.57,,0.916,,0.838,,168
2022-08-30,2.62,,4.15,,6.4,,2.76,,5.04,,0,,0,,139,
2022-09-12,,17.2,,5.39,,6.54,,4.94,,7.91,,1.22,,0,,145
2022-09-13,3.57,,3.93,,5.44,,2.88,,5.69,,0,,0,,128,
2022-09-29,,12.1,,4.63,,5.13,,5.77,,6.09,,0.79,,0,,100
2022-09-30,0,,0,,0,,0,,0,,0,,0,,0,
2022-10-03,,17,,7.57,,10,,8.32,,11.9,,1.36,,0,,208
2022-10-10,,9.23,,4.71,,3.71,,5.2,,6.4,,1.58,,0.757,,99
2022-10-11,0,,0,,0,,0,,0,,0,,0,,0,
2022-10-17,,8.13,,5.11,,6.21,,3.47,,5.84,,0.766,,0,,108
2022-10-24,0,9.98,0,4.97,0,11.6,0,2.92,0,4.61,0,0.824,0,0,2,149
2022-10-31,,10.8,,5.95,,10,,5.92,,5.63,,0.753,,0,,150
2022-11-01,0,,0,,0,,0,,0,,0,,0,,3,
2022-11-07,,10.9,,8.41,,11.7,,8.09,,8.64,,1.06,,0,,199
2022-11-08,0,,0,,0,,0,,0,,0,,0,,6,
2022-11-14,,12.5,,9.44,,7.17,,11,,12.5,,1.18,,0,,212
2022-11-15,0,,0,,0,,0,,0,,0,,0,,6,
2022-11-21,,13.9,,7.26,,7.53,,6.72,,8.25,,1,,0,,153
2022-11-22,0,,0,,0,,0,,0,,0,,0,,4,
2022-11-28,,12.5,,6.77,,7.95,,4.79,,6.64,,0.908,,0,,135
2022-11-29,0,,0,,0,,0,,0,,0,,0,,4,
2022-12-05,,6.5,,4.53,,3.27,,3.11,,5.53,,0.775,,0,,74
2022-12-06,0,,0,,0,,0,,0,,0,,0,,6,
2022-12-12,,9.52,,5.18,,2.43,,3.26,,6.28,,0.794,,0,,75
2022-12-13,0,,0,,0,,0,,0,,0,,0,,6,
2022-12-19,,8.23,,5.84,,4.17,,4.33,,6.18,,0.788,,0,,84
2022-12-20,0,,0,,0,,0,,0,,0,,0,,7,
2022-12-29,0,,0,,0,,0,,0,,0,,0,,12,
2023-01-04,0,,0,,0,,0,,0,,0,,0,,8,
2023-01-09,,7.89,,5.18,,2.06,,4.04,,4.19,,0.774,,0,,64
2023-01-10,0,,0,,0,,0,,0,,0,,0,,10,
2023-01-17,,12.3,,7.14,,4.37,,4.2,,6.04,,0.907,,0,,92
2023-01-18,0,,0,,0,,0,,0,,0,,0,,16.91,
2023-01-23,,11,,6.68,,2.91,,4.09,,4.89,,0.747,,0,,69.64
2023-01-24,0,,0,,0,,0,,0,,0,,0,,13.69,
2023-01-30,,8.73,,6.41,,2.22,,2.89,,4.34,,0.917,,0,,58.13
2023-01-31,0,,0,,0,,0,,0,,0,,0,,16.49,
2023-02-06,,8.72,,4.76,,5.32,,3.07,,3.39,,0.681,,0,,61.53
2023-02-07,0,,0,,0,,0,,0,,0,,0,,14.99,
2023-02-13,,8,,4.85,,3.82,,3.25,,3.24,,0,,0,,62
2023-02-14,0,,0,,0,,0,,0,,0,,0,,16.12,
2023-02-20,,10.7,,6.25,,1.65,,3.56,,3.89,,0.723,,0,,59.7
2023-02-21,0,,0,,0,,0,,0,,0,,0,,17.63,
2023-02-27,,9.85,,6.37,,3.86,,2.88,,4.92,,0.817,,0,,88.15
2023-02-28,0,,0,,0,,0,,0,,0,,0,,18.52,
2023-03-06,,9.75,,5.29,,4.94,,3.63,,4.19,,0.833,,0,,88.32
2023-03-07,0,,0,,0,,0,,0,,0,,0,,20.96,
2023-03-13,,13,,7.61,,3.18,,4.43,,5.36,,0.881,,0,,91.65
2023-03-14,0,,0,,0.593,,0,,0,,0,,0,,23.77,
2023-03-20,,13,,6.4,,2.55,,4.63,,4.05,,0.785,,0,,79.28
2023-03-21,0,,0,,0.626,,0,,0,,0,,0,,24,
2023-03-27,,10.6,,6.25,,2.25,,3.8,,3.2,,0.829,,0,,67.84
2023-03-28,0,,0,,0.642,,0,,0,,0,,0,,28.13,
2023-04-03,,12,,6.26,,2.54,,3.83,,4.95,,0.785,,0,,65.27
2023-04-04,0,,0,,0,,0,,0,,0,,0,,21.32,
2023-04-10,,11.6,,5.18,,3.73,,4.21,,4.02,,0,,0,,72.31
2023-04-11,0,,0,,0,,0,,0,,0,,0,,28.49,
2023-04-18,0,,0,,0,,0,,0,,0,,0,,25.22,
2023-04-24,,14.5,,7.49,,2.25,,3.48,,4.78,,0.985,,0,,76.71
2023-04-25,0,,0,,0,,0,,0,,0,,0,,23.1,
2023-05-01,,10,,5.3,,3.4,,3.83,,3.39,,0.883,,0,,80.56
2023-05-02,0,,0,,0.692,,0,,0,,0,,0,,33.92,
2023-05-05,,10,,5.31,,1.79,,2.46,,3.16,,0.663,,0,,49.32
2023-05-08,,13.9,,7.13,,1.85,,3.53,,5.1,,1.01,,0,,73.77
2023-05-09,0,,0,,0,,0,,0,,0,,0,,24.84,
2023-05-15,,13.1,,6.54,,2.02,,4.11,,4.07,,0,,0,,63.2
2023-05-16,0,,0,,0,,0,,0,,0,,0,,27.58,
2023-05-22,,17.4,,7.57,,5.43,,4.85,,5.43,,1.06,,0,,119.44
2023-05-23,0,,0,,0.964,,0,,0,,0,,0,,36.02,
2023-05-30,,13.5,,5.94,,4.81,,5.36,,3.8,,1,,0.634,,86.38
2023-05-31,0,,0,,0.998,,0,,0,,0,,0,,39.93,
2023-06-05,,14.2,,6.76,,11.9,,5.01,,4.42,,1.23,,0,,126.01
2023-06-06,0,,0,,1.3,,0,,0,,0,,0,,47.37,
2023-06-12,,13.2,,6.54,,3.59,,7.79,,4.42,,0,,0,,76.1
2023-06-13,0,,0,,1,,0,,0,,0,,0,,66.9,
2023-06-19,,13,,6.72,,6.26,,6.26,,4.38,,0.8,,0,,119.21
2023-06-20,0,,0,,0.795,,0,,0,,0,,0,,45.03,
2023-06-26,,2.78,,1.45,,1.57,,1.02,,1.06,,0,,0,,30.06
2023-06-27,0,,0,,0.991,,0,,0,,0,,0,,50.72,
2023-07-03,,16.1,,8.49,,2.23,,5.42,,6.22,,0,,0,,83.88
2023-07-05,0,,0,,0.816,,0,,0,,0,,0,,43.95,
2023-07-10,,10.4,,4.13,,6.52,,3.1,,3.44,,0.808,,0,,68.75
2023-07-11,0,,0,,1.32,,0,,0.844,,0,,0,,47.23,
2023-07-17,,13.1,,6.8,,3.39,,3.97,,5.31,,0.944,,0,,69.08
2023-07-18,0,,0,,1.5,,0,,0.944,,0,,0,,54.06,
2023-07-24,,14.9,,6.86,,9.36,,4.76,,4.35,,1.13,,0.631,,87.71
2023-07-25,0,,0,,1.55,,0,,1.13,,0,,0,,56.11,
2023-07-31,,15,,6.91,,4.28,,4.31,,5.01,,0,,0,,90.59
2023-08-01,0,,0,,1.22,,0,,0.729,,0,,0,,59.36,
2023-08-07,,15.7,,8.05,,5.03,,6.14,,5.84,,1.04,,0.708,,102.28
2023-08-08,0,,0,,1.37,,0,,0.672,,0,,0,,61.93,
2023-08-14,,17.7,,7.04,,6.34,,6.96,,5.18,,1.04,,0.765,,111.75
2023-08-15,0,,0,,1.28,,0,,0.849,,0,,0,,56.56,
2023-08-21,,9.31,,7.07,,4.37,,5.12,,6.59,,0.838,,0,,130.4
2023-08-22,0,,0,,0.979,,0,,0,,0,,0,,55.23,
2023-08-28,,16.5,,8.33,,6.8,,6.27,,6.86,,1.06,,0.663,,127.9
2023-08-29,0,,0,,1.1,,0,,0,,0,,0,,56.32,
2023-09-04,,14,,6.38,,6.48,,6.94,,7.11,,0.969,,0,,110.08
2023-09-05,0,,0,,0.79,,0,,0,,0,,0,,39.23,
2023-09-11,,12.8,,5.25,,4.27,,6.13,,4.71,,0.658,,0,,91.29
2023-09-12,0,,0,,0.81,,0,,0,,0,,0,,33.65,
2023-09-18,,12,,3.93,,7.49,,4.53,,4.12,,0.722,,0,,103.51
2023-09-19,0,,0,,1.62,,0,,0,,0,,0,,51.15,
2023-09-25,,17.6,,7.37,,10.2,,7.2,,7.5,,0.986,,0,,152.81
2023-09-26,0,,0,,1.54,,0,,0.552,,0,,0,,54.24,
2023-10-02,,13.8,,5.92,,8.4,,5.15,,6.93,,0.769,,0,,119.71
2023-10-03,0,,0,,1.39,,0,,0,,0,,0,,52.17,
2023-10-09,,12.8,,6.01,,6.89,,5.16,,7.07,,0.776,,0,,127.33
2023-10-10,0,,0,,1.73,,0,,0,,0,,0,,64.7,
2023-10-16,,11.1,,5.95,,7.22,,4.69,,5.54,,0.834,,0,,108.62
2023-10-17,0,,0,,2.31,,0,,0,,0,,0,,64.06,
2023-10-23,,13.2,,7.69,,7.19,,6.8,,9.23,,0.936,,0,,128.99
2023-10-24,0,,0,,2.48,,0,,1.03,,0,,0,,70.82,
2023-10-30,,14.4,,8.29,,6.27,,6.8,,8.8,,0.924,,0,,134.76
2023-10-31,0,,0,,2.24,,0,,1.1,,0,,0,,61.5,
2023-11-06,,13.6,,7.39,,5.03,,6.67,,7.97,,1.12,,0,,122.66
2023-11-07,0,,0,,1.99,,0,,1.04,,0,,0,,53.56,
2023-11-13,,13.5,,6.98,,6.35,,6.78,,7.92,,0.951,,0,,133.84
2023-11-14,0,,0,,2.33,,0,,1.12,,0,,0,,60.37,
2023-11-20,,11.3,,6.57,,7.15,,6.25,,9.15,,0.784,,0,,133.2
2023-11-21,0,,0,,2.64,,0,,1.26,,0,,0,,67.87,
2023-11-27,,12.7,,6.16,,7.36,,6.29,,9.44,,0.839,,0,,151.4
2023-11-28,0,,0,,2.81,,0,,1.21,,0,,0,,72.87,
2023-12-04,,12.8,,6.24,,4.36,,7.39,,8.27,,0.818,,0,,139.92
2023-12-05,0,,0,,1.98,,0,,0.96,,0,,0,,60.37,
2023-12-11,,15.7,,6.21,,5.18,,7.91,,6.8,,0.813,,0,,168.91
2023-12-12,0,,0,,0.638,,0,,0,,0,,0,,28.82,
2023-12-18,,11.3,,5.51,,4.4,,7.19,,7.06,,0.691,,0,,124.66
2023-12-19,0,,0,,0.657,,0,,0,,0,,0,,35.5,
2023-12-28,,10.9,,6.62,,2.49,,3.52,,3.99,,0.879,,0,,60.7
2023-12-29,0,,0,,0,,0,,0,,0,,0,,20.68,
2024-01-02,,9.68,,4.25,,1.71,,2.56,,2.25,,0.752,,0,,39.89
2024-01-03,0,,0,,0,,0,,0,,0,,0,,15.59,
2024-01-08,,14.4,,6.32,,1.27,,4.4,,5.21,,0.904,,0,,59.32
2024-01-09,0,,0,,0,,0,,0,,0,,0,,14.75,
2024-01-16,,6.77,,3.28,,0,,1.99,,1.92,,0,,0,,32.44
2024-01-17,0,,0,,0,,0,,0,,0,,0,,17.34,
2024-01-22,,13,,5.82,,1.33,,2.85,,3.6,,0.991,,0,,50.08
2024-01-23,0,,0,,0,,0,,0,,0,,0,,14.76,
2024-01-29,,11.7,,6.17,,1.31,,3.44,,3.59,,0.773,,0,,61.55
2024-01-30,0,,0,,0,,0,,0,,0,,0,,16.22,
2024-02-05,,11.7,,5.05,,1.27,,2.92,,3.11,,0.836,,0,,47.97
2024-02-06,0,,0,,0,,0,,0,,0,,0,,18.5,
2024-02-12,,12.2,,5.87,,2.48,,3.56,,3.58,,0.887,,0,,68.83
2024-02-13,0,,0,,0,,0,,0,,0,,0,,19.28,
2024-02-19,,10.5,,4.54,,1.8,,3.95,,2.85,,0.601,,0,,54.49
2024-02-20,0,,0,,0,,0,,0,,0,,0,,11.9,
2024-02-26,,12.1,,6.81,,3.08,,4.1,,4.14,,0.821,,0,,71.38
2024-02-27,0,,0,,0,,0,,0,,0,,0,,12.48,
2024-03-04,,13.8,,6.86,,4.52,,5.17,,4.31,,0.8,,0,,86.19
2024-03-05,0,,0,,0,,0,,0,,0,,0,,15.55,
2024-03-11,,13.2,,6.56,,2.03,,3.56,,4.51,,0.93,,0,,61.13
2024-03-12,0,,0,,0,,0,,0,,0,,0,,13.37,
2024-03-18,,10.9,,5.85,,1.62,,3.43,,2.98,,0.812,,0,,57.61
2024-03-19,0,,0,,0,,0,,0,,0,,0,,10.08,
2024-03-25,,11,,5.65,,3.02,,3.82,,3.7,,0.795,,0,,87.36
2024-03-26,0,,0,,0,,0,,0,,0,,0,,12.66,
2024-04-01,,6.69,,3.13,,0.696,,2.24,,1.76,,0.653,,0,,32.36
2024-04-02,0,,0,,0,,0,,0,,0,,0,,12.14,
2024-04-08,,11.6,,5.12,,1.86,,3.51,,3.34,,0.714,,0,,64.08
2024-04-09,0,,0,,0,,0,,0,,0,,0,,11.95,
2024-04-15,,10.1,,4.39,,2.8,,3.24,,2.78,,0.684,,0,,77.44
2024-04-16,0,,0,,0,,0,,0,,0,,0,,5.83,
2024-04-22,,12.8,,5.57,,3.35,,4.38,,4.02,,0.765,,0,,91.03
2024-04-23,0,,0,,0,,0,,0,,0,,0,,7.03,
2024-04-29,,10.9,,4.67,,4.45,,2.72,,2.68,,0.687,,0,,99.74
2024-04-30,0,,0,,0,,0,,0,,0,,0,,8.93,
2024-05-06,,11.5,,5.31,,5.2,,4.29,,3.92,,0.651,,0,,109.2
2024-05-07,0,,0,,0,,0,,0,,0,,0,,12.1,
2024-05-13,,11.7,,5.96,,2.9,,3.34,,4.12,,0.906,,0,,81.44
2024-05-14,0,,0,,0,,0,,0,,0,,0,,14.46,
2024-05-20,,12.5,,6.52,,1.05,,3.59,,4.17,,0,,0,,57.05
2024-05-21,0,,0,,0,,0,,0,,0,,0,,13.63,
2024-05-28,,15.9,,6.78,,1.81,,3.73,,4.1,,0.991,,0,,80.75
2024-05-29,0,,0,,0,,0,,0,,0,,0,,14.44,
2024-06-03,,13.1,,6.19,,2.59,,4.07,,4.6,,1.06,,0,,79.93
2024-06-04,0,,0,,0,,0,,0,,0,,0,,16.45,
2024-06-10,,13.5,,6.45,,3.22,,4,,3.9,,0.976,,0,,96.42
2024-06-11,0,,0,,0,,0,,0,,0,,0,,21.48,
2024-06-17,,9.39,,5.32,,5.39,,3.87,,3.7,,0.762,,0,,101.74
2024-06-18,0,,0,,0,,0,,0,,0,,0,,30.39,
2024-06-24,,14.8,,5.88,,6.2,,4.77,,3.81,,0.872,,0,,123.4
2024-06-25,0,,0,,0,,0,,0,,0,,0,,26.47,
2024-07-01,,14.1,,6.4,,5.5,,5.12,,4.26,,0.751,,0,,115.19
2024-07-02,0,,0,,0,,0,,0,,0,,0,,28.11,
2024-07-08,,16.8,,6.69,,5.71,,5.26,,5.8,,0.962,,0,,130.66
2024-07-09,0,,0,,0,,0,,0,,0,,0,,34.22,
2024-07-15,,15.5,,7.6,,5.25,,5.3,,6.37,,1.02,,0,,125.35
2024-07-16,0,,0,,0,,0,,0,,0,,0,,34.1,
2024-07-22,,13.7,,6.34,,2.2,,4.39,,5.49,,0.965,,0,,91.96
2024-07-23,0,,0,,0,,0,,0,,0,,0,,29.56,
2024-07-29,,7.97,,3.23,,2.16,,2.97,,3.21,,0.714,,0,,69.36
2024-07-30,0,,0,,0,,0,,0,,0,,0,,25.3,
2024-08-05,,16.8,,6.44,,1.16,,4.11,,4.81,,1.07,,0.805,,83.56
2024-08-06,0,,0,,0,,0,,0,,0,,0,,25.61,
2024-08-09,0,12,0,4.84,0,2.44,0,3.23,0,3.01,0,0,0,0,27.39,86.63
2024-08-10,,10.5,,3.84,,4.11,,3.21,,2.88,,0,,0,,88.26
2024-08-11,,9.92,,3.85,,4.16,,3.15,,2.72,,0,,0,,84.55
2024-08-12,,7.1,,2.96,,0,,2.22,,2.49,,0.663,,0,,41.69
2024-08-13,,6.45,,2.49,,0,,1.9,,2.11,,0,,0,,38.29
2024-08-14,,6.09,,2.61,,0,,1.77,,1.91,,0.6,,0,,39.95
2024-08-15,,6.01,,2.78,,0,,2.08,,1.62,,0.63,,0,,52.6
2024-08-19,,12.4,,4.2,,1.38,,3.23,,3.13,,0.92,,0,,80.74
2024-08-20,0,,0,,0,,0,,0,,0,,0,,23.55,
2024-08-26,,15.3,,6.53,,1.43,,3.81,,4.29,,1.08,,0,,98.2
2024-08-27,0,,0,,0,,0,,0,,0,,0,,24.56,
2024-09-02,,15.9,,6.58,,2.77,,3.95,,5.02,,1.08,,0.687,,111.69
2024-09-03,0,,0,,0,,0,,0,,0,,0,,36.24,
2024-09-09,,10.7,,5.21,,2.16,,3.41,,3.39,,0.941,,0,,73.82
2024-09-10,0,,0,,0,,0,,0,,0,,0,,35.53,
2024-09-16,,12.5,,6.32,,3.55,,4.07,,4.32,,0.823,,0,,104.9
2024-09-17,0,,0,,0,,0,,0,,0,,0,,32.16,
2024-09-23,,6.67,,3.67,,1.23,,1.81,,2.09,,0.745,,0,,48.96
2024-09-24,0,,0,,0,,0,,0,,0,,0,,25.68,
2024-09-30,,7.69,,3.29,,0.823,,3.24,,2.33,,0.824,,0,,46.67
2024-10-01,0,,0,,0,,0,,0,,0,,0,,22.31,
2024-10-07,,12.6,,5.44,,0.989,,2.85,,2.62,,0.816,,0,,56.91
2024-10-08,0,,0,,0,,0,,0,,0,,0,,25.61,
2024-10-14,,13.6,,6.07,,2.4,,4.14,,3.65,,1.01,,0,,92.54
2024-10-15,0,,0,,0,,0,,0,,0,,0,,22.83,
2024-10-21,,11.4,,5.26,,4.69,,4.13,,3.6,,0.864,,0,,112.78
2024-10-22,0,,0,,0,,0,,0,,0,,0,,29.8,
2024-10-28,,10,,4.68,,6,,4.86,,3.28,,0.738,,0,,122.62
2024-10-29,0,,0,,0.573,,0,,0,,0,,0,,30.31,
2024-11-04,,10,,4.78,,6.75,,4.6,,3.51,,0.69,,0,,123.06
2024-11-05,0,,0,,0.63,,0,,0,,0,,0,,32.91,
2024-11-11,,10,,4.9,,7.03,,6.74,,3.61,,0.684,,0,,134.53
2024-11-12,0,,0,,0.641,,0,,0,,0,,0,,33.5,
2024-11-18,,11.9,,5.19,,7.53,,5.74,,3.9,,0.691,,0,,129.66
2024-11-19,0,,0,,0.766,,0,,0,,0,,0,,33.25,
2024-11-25,,11.9,,5.41,,4.06,,5.86,,4,,0.717,,0,,98.88
2024-11-26,0,,0,,0,,0,,0,,0,,0,,24.16,
2024-12-02,,9.73,,5.45,,4.71,,4.84,,4.05,,0,,0,,103.12
2024-12-03,0,,0,,0,,0,,0,,0,,0,,21.41,
2024-12-09,,9.73,,5.42,,7.71,,5.09,,3.53,,0.676,,0,,121.56
2024-12-10,0,,0,,0,,0,,0,,0,,0,,23.47,
2024-12-16,,11.2,,6.09,,2.44,,6.92,,3.84,,0.739,,0,,78.95
2024-12-17,0,,0,,0,,0,,0,,0,,0,,19.55,
2024-12-23,,10.4,,7.32,,3.88,,4.21,,3.82,,0.787,,0,,90.67
2024-12-24,0,,0,,0,,0,,0,,0,,0,,15.49,
2024-12-30,,12.9,,7.87,,5.47,,4.53,,3.75,,1.03,,0,,124.8
2024-12-31,0,,0,,0,,0,,0,,0,,0,,17.67,
2025-01-06,,10.8,,4.75,,4.65,,3.99,,3.46,,0.723,,0,,96.84
2025-01-07,0,,0,,0,,0,,0,,0,,0,,17.99,
2025-01-13,,7.24,,4.91,,3.66,,3.38,,3.51,,0.6,,0,,78.98
2025-01-14,0,,0,,0,,0,,0,,0,,0,,16.06,
2025-01-20,,9.43,,5.7,,4.95,,5.29,,3.89,,0.686,,0,,96.71
2025-01-21,0,,0,,0,,0,,0,,0,,0,,17.86,
2025-01-27,,8.9,,5.17,,6.1,,3.91,,3.06,,0.633,,0,,105.17
2025-01-28,0,,0,,0,,0,,0,,0,,0,,11.81,
2025-02-03,,8,,4.25,,7.44,,3.86,,3.16,,0,,0,,106.1
2025-02-04,0,,0,,0,,0,,0,,0,,0,,12.71,
2025-02-10,,8.85,,5.96,,1.8,,3.98,,3.2,,0.728,,0,,76.06
2025-02-11,0,,0,,0,,0,,0,,0,,0,,14.65,
2025-02-17,,8.84,,5.23,,1.45,,3.3,,2.9,,0.812,,0,,56.66
2025-02-18,0,,0,,0,,0,,0,,0,,0,,10.14,
2025-02-24,,8.96,,5.35,,1.01,,3.67,,2.33,,0.793,,0,,46.67
2025-02-25,0,,0,,0,,0,,0,,0,,0,,12.7,
2025-03-03,,10.3,,5.91,,1.41,,3.48,,3.73,,0.875,,0,,59.81
2025-03-04,0,,0,,0,,0,,0,,0,,0,,11.91,
2025-03-10,,10.1,,4.9,,1.85,,4.02,,2.75,,0.722,,0,,64.61
2025-03-11,0,,0,,0,,0,,0,,0,,0,,12.81,
2025-03-17,,8.18,,5.02,,2.62,,3.52,,2.94,,0.659,,0,,63.78
2025-03-18,0,,0,,0,,0,,0,,0,,0,,16.44,
2025-03-24,,6.71,,3.5,,2.19,,2.48,,2.1,,0.634,,0,,51.65
2025-03-25,0,,0,,0,,0,,0,,0,,0,,18.78,
2025-03-31,,9,,4.65,,2.96,,3.38,,2.65,,0.695,,0,,79.2
2025-04-01,0,,0,,0,,0,,0,,0,,0,,19.7,
2025-04-07,,8.38,,4.51,,4.35,,3.23,,3.33,,0.823,,0,,90.15
2025-04-08,0,,0,,0,,0,,0,,0,,0,,17.13,
2025-04-14,,9.57,,7.76,,2.17,,3.05,,3.33,,1.04,,0,,74.9
2025-04-15,0,,0,,0,,0,,0,,0,,0,,15.89,
2025-04-21,,9.76,,5.67,,2.07,,4.1,,2.82,,0.837,,0,,66.59
2025-04-22,0,,0,,0,,0,,0,,0,,0,,12.27,
2025-04-28,,10.9,,6.13,,2.9,,4.05,,2.8,,0.833,,0,,91.74
2025-04-29,0,,0,,0,,0,,0,,0,,0,,16.61,
2025-05-05,,10.8,,5.51,,3.97,,4.78,,3.59,,0.861,,0,,102.32
2025-05-06,0,,0,,0,,0,,0,,0,,0,,22.19,
2025-05-12,,9.2,,4.55,,1.83,,3.46,,3.38,,0.924,,0,,64.73
2025-05-13,0,,0,,0,,0,,0,,0,,0,,24.74,
2025-05-19,,8.09,,4.65,,1.44,,2.79,,3.18,,0.921,,0,,60
2025-05-20,0,,0,,0,,0,,0,,0,,0,,19.83,
2025-05-26,,11.5,,6.14,,2.03,,3.18,,3.39,,0.842,,0,,82.53
2025-05-27,0,,0,,0,,0,,0,,0,,0,,18.74,
2025-06-02,,11,,5.84,,3.35,,4.48,,3.69,,0.93,,0,,89.8
2025-06-03,0,,0,,0,,0,,0,,0,,0,,22.84,
2025-06-09,,8.84,,4.92,,2.48,,3.13,,2.8,,0.761,,0,,80.22
2025-06-10,0,,0,,0,,0,,0,,0,,0,,20.66,
2025-06-16,,0,,0,,0,,0,,0,,0,,0,,34.7
2025-06-17,0,,0,,0,,0,,0,,0,,0,,23.47,
2025-06-23,,8.25,,3.79,,1.5,,2.55,,2.39,,0.898,,0,,47.41
2025-06-24,0,,0,,0,,0,,0,,0,,0,,21.64,
2025-06-30,,10.9,,4.8,,2.6,,3.98,,3.45,,0.834,,0,,98.62
2025-07-01,0,,0,,0,,0,,0,,0,,0,,27.42,
2025-07-07,,10.5,,5.06,,4.2,,4.17,,3.45,,0.956,,0,,133.33
2025-07-08,0,,0,,0,,0,,0,,0,,0,,38.2,
2025-07-14,,9.85,,4.11,,0.731,,2.23,,1.94,,0.883,,0,,42.73
2025-07-15,0,,0,,0,,0,,0,,0,,0,,27.03,
2025-07-21,,15.3,,5.67,,0.608,,2.63,,2.12,,1.17,,0.819,,62.01
2025-07-22,0,,0,,0,,0,,0,,0,,0,,25.01,
2025-07-28,,14,,6.74,,0.851,,2.84,,3.48,,1.21,,0.857,,74.68
2025-07-29,0,,0,,0,,0,,0,,0,,0,,29.24,
2025-08-04,,13.1,,6.26,,1.8,,3.07,,3.11,,1.22,,0.91,,103.66
2025-08-05,0,,0,,0,,0,,0,,0,,0,,30.08,
2025-08-11,,7.02,,3.75,,1.06,,2,,2.19,,0.818,,0,,58.13
2025-08-12,0,,0,,0,,0,,0,,0,,0,,25.69,
2025-08-18,,8.03,,3.79,,0.876,,2.22,,2.51,,0.834,,0,,60.31
2025-08-19,0,,0,,0,,0,,0,,0,,0,,25.03,
2025-08-25,,8.28,,3.8,,2.04,,3.25,,2.58,,0.715,,0,,93.77
2025-08-26,0,,0,,0,,0,,0,,0,,0,,28.57,
2025-09-01,,10,,4.57,,3.5,,3.52,,3.05,,0.848,,0,,119.82
2025-09-02,0,,0,,0.618,,0,,0,,0,,0,,34.16,
2025-09-08,,10.8,,4.91,,4.18,,4,,4.09,,0.686,,0,,166.76
2025-09-09,0,,0,,0.854,,0,,0,,0,,0,,48.24,
2025-09-15,,10.7,,6.04,,5.89,,5.36,,4.95,,0.87,,0,,215.89
2025-09-16,0,,0,,0.807,,0,,0,,0,,0,,47.27,
2025-09-22,,11.9,,5.89,,3.2,,5.31,,5.74,,0.818,,0,,164.91
2025-09-23,0,,0,,0.811,,0,,0,,0,,0,,37.52,
2025-09-29,,10.4,,6.18,,4.68,,4.5,,4.09,,0.701,,0,,148.74
2025-09-30,0,,0,,0.896,,0,,0,,0,,0,,42.31,
2025-10-06,,12,,7.02,,6.64,,5.05,,5.47,,1.04,,0,,224.66
2025-10-07,0,,0,,1.02,,0,,0,,0,,0,,45.29,
2025-10-13,,14,,8.05,,3.7,,6.42,,5.24,,0.996,,0,,196.56
2025-10-14,0,,0,,1.27,,0,,0,,0,,0,,49.65,
2025-10-20,,13.5,,5.75,,4.5,,6.1,,4.57,,0.778,,0,,179.78
2025-10-21,0,,0,,0.618,,0,,0,,0,,0,,33.59,
2025-10-27,0,11.3,0,6.67,0.922,4.17,0,6.08,0,5.04,0,0.986,0,0,38.89,168.36
2025-11-03,,11.8,,7.41,,7.62,,6.15,,6.18,,0.925,,0,,267.14
2025-11-04,0,,0,,0,,0,,0,,0,,0,,34.76,
2025-11-10,,13,,6.39,,3.71,,7.15,,4.88,,0.719,,0,,176.6
2025-11-11,0,,0,,0,,0,,0,,0,,0,,28.26,
2025-11-17,,8.87,,6.33,,4.46,,5.22,,4.21,,0.733,,0,,167.77
2025-11-18,0,,0,,0,,0,,0,,0,,0,,29.1,
2025-11-24,,8.45,,4.09,,4.31,,4.2,,4.41,,0.671,,0,,176.33
2025-11-25,0,,0,,0,,0,,0,,0,,0,,31.4,
2025-12-01,,7.5,,4.72,,5.49,,4.99,,4.79,,0.705,,0,,180.3
2025-12-02,0,,0,,0,,0,,0,,0,,0,,29.67,
2025-12-08,,8.15,,5.32,,5.03,,5.11,,4.3,,0.582,,0,,178.05
2025-12-09,0,,0,,0,,0,,0,,0,,0,,31.24,
2025-12-15,,8.87,,5.23,,3.88,,5.64,,4.34,,0.679,,0,,179.8
2025-12-16,0,,0,,0,,0,,0,,0,,0,,30.33,
2025-12-22,,8.24,,5.03,,4.57,,5.27,,3.91,,0.593,,0,,167.12
2025-12-23,0,,0,,0,,0,,0,,0,,0,,25.1,
2025-12-29,,8.62,,4.4,,4.38,,5.2,,4.31,,0.706,,0,,162.53
2025-12-30,0,,0,,0,,0,,0,,0,,0,,25.56,
2026-01-05,,9.2,,5.07,,4.01,,4.11,,3.89,,0.708,,0,,151.51
2026-01-06,0,,0,,0,,0,,0,,0,,0,,24.42,
2026-01-12,,8.37,,5.08,,4.53,,4.17,,3.87,,0.715,,0,,163.15
2026-01-13,0,,0,,0,,0,,0,,0,,0,,25.81,
2026-01-19,,8.25,,5.09,,4.74,,4.86,,4.99,,0.67,,0,,178.47
2026-01-20,0,,0,,0,,0,,0,,0,,0,,21.93,
2026-01-26,,9.9,,5.56,,4.39,,5.79,,4.75,,0.648,,0,,168.11
2026-01-27,0,,0,,0,,0,,0,,0,,0,,21.28,
2026-02-02,,9.9,,5.56,,4.39,,5.79,,4.75,,0.648,,0,,168.11
2026-02-03,0,,0,,0,,0,,0,,0,,0,,21.28,
2026-02-07,0,,0,,0,,0,,0,,0,,0,,22.9,
2026-02-09,,7.16,,4.49,,4.54,,4.22,,4.01,,0.651,,0,,164.63
2026-02-16,,7.72,,4.05,,3.14,,3.75,,3.36,,0,,0,,126.83
2026-02-17,0,,0,,0,,0,,0,,0,,0,,25.27,
